file,target,n,bias,rmse,mae,corr
soulik_20180818T180000.npz,input_cygnss,2631,-0.03400397551616903,1.1411705875986287,0.8565080864305206,0.9438097465245249
soulik_20180818T180000.npz,era5,19046,-0.9087878062740342,2.9870461132960933,2.0510267321812865,0.7711128228403712
soulik_20180818T180000.npz,ccmp,19046,-0.7209178973676391,2.8706343166404706,1.9668832700358692,0.7904867945582739
surigae_20210418T090000.npz,input_cygnss,104,0.2842382100912241,2.1143304571142303,1.614000705572275,0.9676516674646748
surigae_20210418T090000.npz,era5,951,3.422629227773624,5.969918683409093,3.920356146043282,0.7320682567375506
surigae_20210419T090000.npz,input_cygnss,95,0.06342490346808183,2.2797848163681125,1.7875663556550678,0.8982063685999866
surigae_20210419T090000.npz,era5,950,2.551056379268044,4.292053692355454,3.1204953457179823,0.8350026865799864
surigae_20210420T090000.npz,input_cygnss,180,0.122293488184611,2.504154127033641,1.787212038040161,0.8563992522298703
surigae_20210420T090000.npz,era5,964,1.8246103567824818,3.628500249636832,2.8804931386501464,0.8819825420348559
surigae_20210421T000000.npz,input_cygnss,175,0.20067502158028738,1.9682087349288588,1.413286007472447,0.8608453753655013
surigae_20210421T000000.npz,era5,930,2.735057436138071,4.950990335896866,3.7955181294871916,0.7062688064253414
