stratum,estimator,n,rmse,bias
All,ERA5,1129,14.133067453010923,-11.446617306509635
All,CCMP,1129,11.424873638112182,-8.307782343065043
All,CYGNSS-only (obs),1129,13.089445494376882,-8.674063386608493
All,Kriging,1129,13.288057580722796,-9.157044641855139
All,Linear,1129,13.089445494376882,-8.674063386608493
All,Nearest,1129,13.089445494376882,-8.674063386608493
All,Reconstruction,1129,13.192703676508314,-4.021267561616586
cov <10%,ERA5,302,13.763159623651365,-11.120230180448825
cov <10%,CCMP,302,11.219111940629439,-8.253864678236601
cov <10%,CYGNSS-only (obs),302,17.09632513770197,-13.034441808901654
cov <10%,Kriging,302,17.23346835466296,-13.293792146631203
cov <10%,Linear,302,17.09632513770197,-13.034441808901654
cov <10%,Nearest,302,17.09632513770197,-13.034441808901654
cov <10%,Reconstruction,302,15.775860729731681,-8.206017268325096
cov >=10%,ERA5,827,14.265758019375374,-11.56580583380149
cov >=10%,CCMP,827,11.499095019167335,-8.32747174424786
cov >=10%,CYGNSS-only (obs),827,11.276761638402698,-7.08176074630313
cov >=10%,Kriging,827,11.515123808814883,-7.646406496217445
cov >=10%,Linear,827,11.276761638402698,-7.08176074630313
cov >=10%,Nearest,827,11.276761638402698,-7.08176074630313
cov >=10%,Reconstruction,827,12.112853991351432,-2.4931001959261723
cov 10-15%,ERA5,174,15.25121532376181,-12.563064036642494
cov 10-15%,CCMP,174,12.683981353907106,-9.213682463743714
cov 10-15%,CYGNSS-only (obs),174,13.56407693110818,-9.167114168692402
cov 10-15%,Kriging,174,13.759135268049704,-9.577553451690674
cov 10-15%,Linear,174,13.564076931108183,-9.167114168692402
cov 10-15%,Nearest,174,13.564076931108183,-9.167114168692402
cov 10-15%,Reconstruction,174,13.02290430476171,-4.315188817538558
cov 15-20%,ERA5,168,14.304732473273909,-11.525179083893184
cov 15-20%,CCMP,168,11.266158391348881,-8.245404401030768
cov 15-20%,CYGNSS-only (obs),168,11.995393391711252,-8.379432637102035
cov 15-20%,Kriging,168,12.250923488300261,-8.815847264903839
cov 15-20%,Linear,168,11.995393391711252,-8.379432637102035
cov 15-20%,Nearest,168,11.995393391711252,-8.379432637102035
cov 15-20%,Reconstruction,168,11.221583096290301,-3.589786687102545
cov 20-25%,ERA5,158,14.179710041742057,-11.46642011143938
cov 20-25%,CCMP,158,11.378143369046372,-8.206425930542766
cov 20-25%,CYGNSS-only (obs),158,11.107761985330438,-6.957658180370089
cov 20-25%,Kriging,158,11.322480496909794,-7.508845900849934
cov 20-25%,Linear,158,11.107761985330438,-6.957658180370089
cov 20-25%,Nearest,158,11.107761985330438,-6.957658180370089
cov 20-25%,Reconstruction,158,11.612194364929966,-3.405588631050979
cov >=25%,ERA5,327,13.734794118461414,-11.104048374546062
cov >=25%,CCMP,327,11.001971836479221,-7.95656008380015
cov >=25%,CYGNSS-only (obs),327,9.495637812517854,-5.36539326088255
cov >=25%,Kriging,327,9.77551283214876,-6.084476694004631
cov >=25%,Linear,327,9.495637812517854,-5.36539326088255
cov >=25%,Nearest,327,9.495637812517854,-5.36539326088255
cov >=25%,Reconstruction,327,12.287126281570629,-0.5192166380426715
