time_tag,n,plot_cover,rmse,mae,spread_mean,z_mean,z_std,nll,gaussian_crps,picp_50,picp_80,picp_90,picp_95
20190831T000000,814,0.2070776015961356,1.0960595838343148,0.7652738587862151,0.7894150136949389,0.0871621965788389,1.2665480705228869,1.4000137138709503,0.5565954718056478,0.4275184275184275,0.7039312039312039,0.8181818181818182,0.8808353808353808
20181005T090000,150,0.064422975952956,0.9087836291817608,0.7012832208474478,0.7772274635235469,-0.2007353272152549,1.265495745412065,1.4257743681647697,0.517961015776156,0.4466666666666666,0.7466666666666667,0.7866666666666666,0.82
20220701T060000,872,0.2048724141552032,1.52925336386579,0.9947266936849016,0.9338858059581814,-0.163316148541702,1.4980264395323242,1.8999701657536303,0.7247030380139869,0.3956422018348624,0.6995412844036697,0.7958715596330275,0.856651376146789
20220915T120000,46,0.0241520529244985,0.5135829800071645,0.3994090349777885,0.8634084087351094,-0.1968798006132916,0.5789367663697484,0.9394222004748536,0.3166202755582276,0.7391304347826086,0.9782608695652174,1.0,1.0
20191123T030000,273,0.0920403234274913,0.996419694397668,0.7398932560896262,0.7855440573596255,0.5683134665642029,1.182793266430168,1.4833880090704834,0.5332356974330065,0.4102564102564102,0.7582417582417582,0.8424908424908425,0.8937728937728938
20190904T090000,303,0.0732437257166859,1.865478518872682,1.2346124456267151,1.139309016391389,-0.0400102277770387,1.7054452757260432,2.3066014845351503,0.9163617399717529,0.3993399339933993,0.6996699669966997,0.7821782178217822,0.8415841584158416
20190720T090000,60,0.0125485666281633,0.5000234034643812,0.418355197707812,0.8541052505373955,0.0860688017532817,0.6833756474044853,0.925232476766738,0.315304186609414,0.7333333333333333,0.9,0.9833333333333332,1.0
20210917T210000,342,0.1315236795127586,0.8762171150041893,0.6932791203086139,0.8058274639280218,0.3094455373329988,1.2055655747067755,1.386886952031415,0.4906301707155431,0.4181286549707602,0.7485380116959064,0.8333333333333334,0.9005847953216374
20180928T000000,696,0.2078651685393258,1.4965883155657995,0.9646407810692814,0.8342027810198822,0.0965155975339967,1.6073440725298431,1.9466635099915064,0.7197812209086824,0.4295977011494253,0.6767241379310345,0.764367816091954,0.8290229885057471
20200514T150000,406,0.0416360390633203,0.7321269429576528,0.5881042763811027,0.6704552382817996,0.0488628391153998,1.0828701881563376,1.0575777518522174,0.4057057210538948,0.4162561576354679,0.7635467980295566,0.9039408866995072,0.9433497536945812
20201020T150000,590,0.2175259897091253,1.3573433076205423,1.0206481695175171,0.7687135822187036,0.4195069614911616,2.018958169997888,2.7230977086333463,0.7729736422068981,0.3406779661016949,0.6016949152542372,0.7067796610169491,0.7610169491525424
20200924T120000,836,0.2099653470544996,0.7824441363338677,0.58681325486117,0.7391447367850673,0.220645458451954,1.0227664326524335,1.1182812814798362,0.4238704714447158,0.5119617224880383,0.8038277511961722,0.8803827751196173,0.9401913875598086
20181024T150000,587,0.1109944345269347,0.908064509957034,0.7091722146209704,0.6953738864885685,-0.1542365547824404,1.3664909998002297,1.4506870900621385,0.5071975138251927,0.3764906303236797,0.6695059625212947,0.8006814310051107,0.8671209540034072
20200910T150000,491,0.1512128530925128,0.9127665024870076,0.6750931575924705,0.6729471258621837,0.0921850697777675,1.5465531822811776,1.6800941275357084,0.50585535409545,0.4562118126272912,0.7026476578411406,0.7759674134419552,0.8431771894093686
20220902T180000,43,0.006248031082642,0.7841815758650288,0.7351255583208661,0.8884210281593855,-0.6327842925742809,0.639627449991754,1.1849545586269734,0.4589411647775351,0.3488372093023256,0.8837209302325582,1.0,1.0
20190802T030000,36,0.0142287094403024,0.642968552479714,0.4288589921262529,0.5698910388681624,0.2035523407259083,0.9978819559201242,0.8449428189103769,0.3302338599963704,0.6111111111111112,0.8055555555555556,0.8611111111111112,0.9166666666666666
20191126T120000,728,0.2022471910112359,2.0246066786204424,1.208880950133879,0.8492232636026629,0.0735922648708925,2.583235446679291,3.989699028540929,0.9476521720968206,0.3914835164835165,0.6071428571428571,0.7060439560439561,0.7527472527472527
20220904T060000,678,0.1819804683398088,2.189732569586888,1.2929703244241642,0.9362901321290868,-0.3682849147231588,1.7934755162399985,2.3886283276616256,0.9688944684267072,0.331858407079646,0.6076696165191741,0.7182890855457227,0.7949852507374632
20220908T000000,301,0.1117820014701249,1.1668602114504651,0.9519318199632968,0.8910314633798758,0.4701468580756044,1.555982943000345,2.070430869925431,0.7109516723234551,0.3554817275747508,0.574750830564784,0.7375415282392026,0.8172757475083057
20190101T150000,242,0.0823269977948125,1.3596227665843323,1.0009711547331377,0.6536631034918068,-0.7167230171919814,2.062659285457058,2.827795896175362,0.777670515955633,0.3099173553719008,0.5743801652892562,0.6570247933884298,0.6859504132231405
20180903T120000,697,0.1600336028562427,2.069183439127129,1.3702475402926442,0.8503705948120894,0.6043608362322609,3.005464043492285,5.384504764123042,1.07777570684684,0.3357245337159254,0.5437589670014347,0.6599713055954088,0.7202295552367288
20190823T120000,811,0.1438097238265252,1.1399947881472243,0.7813779658071798,0.7477171444936981,0.2075458522132667,1.5330887253446857,1.7511442420744925,0.5790387760220645,0.4327990135635018,0.688039457459926,0.813810110974106,0.8692971639950678
20210913T210000,155,0.0379082221988869,1.0488798901006744,0.8374107283930625,0.825684537618391,-0.3829349197944472,1.236351620449036,1.5082996306945595,0.5940949148244775,0.3612903225806451,0.6903225806451613,0.7870967741935484,0.8838709677419355
20201030T210000,783,0.1583009555812244,1.4256790954200618,1.0553875415565714,0.8242353729970306,-0.1181370034619262,1.8669011772401525,2.421855103858968,0.7905409173306746,0.3282247765006386,0.5798212005108557,0.6998722860791826,0.7879948914431673
20210928T030000,666,0.204084847212013,2.1671249818408524,1.224627389250933,0.7850323971864339,-0.1266311308221779,2.1217475505643404,2.8266703011473067,0.950696779606161,0.3393393393393393,0.5570570570570571,0.6651651651651652,0.7357357357357357
20220331T030000,947,0.1911687493436942,1.3294104903928174,0.9236367003089396,0.8215390485027901,0.266122112913736,1.51463354235281,1.8280828887775349,0.6786614647679363,0.3632523759239704,0.6546990496304118,0.764519535374868,0.8468848996832101
20210601T060000,656,0.1324687598445867,0.9470095733765423,0.726062238943286,0.8316263566247937,-0.1463333017032452,1.225011365048472,1.424539150119874,0.5264888923318076,0.4390243902439024,0.7484756097560976,0.8353658536585366,0.8902439024390244
20210821T000000,561,0.1337813714165704,0.9148191552540668,0.6583974637131003,0.7203020552262903,0.4242248464218405,1.2246062406678169,1.3881361872379945,0.4864330331629479,0.481283422459893,0.7647058823529411,0.8520499108734403,0.8877005347593583
20201107T060000,588,0.1677517588995064,0.9447630103702064,0.6876100476096276,0.7608123965003863,-0.2294301834813005,1.2385203838349903,1.3475655533309154,0.497609897305399,0.4489795918367347,0.7465986394557823,0.8401360544217688,0.891156462585034
20181126T030000,16,0.0049354195106584,0.5400839949974794,0.5091030076146126,0.891940750181675,-0.5307757840902193,0.2824323641489194,0.9803001318388748,0.3326440403401518,0.6875,1.0,1.0,1.0
20201103T180000,867,0.2053974587839966,1.6303730077334992,1.1376741011267164,0.8338495094367789,0.312210975858854,2.491671857775556,3.798288676353509,0.8842538428501928,0.378316032295271,0.5940023068050749,0.6839677047289504,0.7450980392156863
20200816T060000,606,0.1963666911687493,0.7909168967407821,0.6020175961673063,0.6295707646277872,-0.1803247957642906,1.2781016363235684,1.2326155174519349,0.4365755884201274,0.4438943894389439,0.7079207920792079,0.8003300330033003,0.8828382838283828
20181119T150000,558,0.1923238475270398,1.103269750598877,0.8034443833921973,0.8476263927729754,0.1910095469115302,1.2906934536588637,1.5183584479832148,0.5748319468607342,0.4247311827956989,0.7526881720430108,0.8548387096774194,0.9032258064516128
20190704T090000,507,0.1442822639924393,1.205566027057021,0.8580293774134544,0.7849192782149043,0.4548945797320927,1.5938069982766585,1.988689028386019,0.6385709164205093,0.4161735700197239,0.6804733727810651,0.796844181459566,0.8441814595660749
20190715T030000,403,0.1244880814869263,1.6121776302357975,1.2056170329266682,0.913575961631226,0.5710277383627024,1.9504020908376076,2.8080262839281884,0.9189602446971876,0.3325062034739454,0.5682382133995038,0.674937965260546,0.7642679900744417
20180911T060000,382,0.1233329833035808,1.040817600195382,0.787138232385925,0.8035835419337787,-0.1789598115844483,1.4724889976114235,1.7299908485599191,0.5876438272503487,0.4371727748691099,0.675392670157068,0.7643979057591623,0.837696335078534
20200517T090000,28,0.0002625223143967,2.872573657911086,2.759197285132749,1.775640381234033,-1.5906870935931,0.4966341309540023,2.869797699668818,1.9070305833590344,0.0357142857142857,0.2142857142857142,0.4642857142857143,0.8214285714285714
20190226T180000,706,0.2006195526619762,1.7265717834735397,1.1153217653714902,1.0393911283093875,-0.0114851785165486,1.7294802691485849,2.2193755722175994,0.8017154050024056,0.3753541076487252,0.6756373937677054,0.7861189801699717,0.8441926345609065
20190910T030000,498,0.218103538800798,1.267406498627235,0.7321556556416324,0.7250837375480966,0.2483873080658738,1.497916151940216,1.687334809097672,0.5539988948600794,0.4819277108433735,0.7409638554216867,0.8353413654618473,0.8975903614457831
20180920T180000,864,0.1402394203507298,0.8782937960870699,0.652898130800437,0.7243458562772032,0.3078231268827548,1.1758146916859094,1.2874628363044611,0.4761358387867591,0.4733796296296296,0.7152777777777778,0.8275462962962963,0.8865740740740741
20210719T060000,704,0.220991284259162,2.1033962255452323,1.3192582560533828,0.829294437711889,0.5102899361911897,2.1131351495629103,2.979766037497564,1.0308146774610871,0.3295454545454545,0.5667613636363636,0.6491477272727273,0.7102272727272727
20210425T060000,685,0.1653890580699359,1.6285045154113589,1.2313188141714917,0.9336754586574804,0.7442606699175173,1.9145452572799768,2.8524653396357,0.9345718682527856,0.3124087591240876,0.5576642335766423,0.6671532846715329,0.7357664233576642
20200610T060000,761,0.2131156148272603,1.0397341859783829,0.7441464949218108,0.8328483065935378,0.0388463247629289,1.1931121992473757,1.385999035982959,0.537200204951983,0.4599211563731931,0.7647831800262812,0.8620236530880421,0.911957950065703
20210414T030000,646,0.2098078336658616,1.0671468195199878,0.7953292059340159,0.7170138007070258,-0.0515836845457671,1.6075636701571483,1.8130805554123728,0.5896415498357609,0.3854489164086687,0.6253869969040248,0.7368421052631579,0.8003095975232198
20190317T060000,575,0.1653890580699359,1.0517166935728284,0.7989290115107661,0.8860205947834513,0.3231604424514728,1.074960117312581,1.3251200662180305,0.5499115421894565,0.4139130434782608,0.7739130434782608,0.8765217391304347,0.9304347826086956
20210220T000000,91,0.0392733382337498,1.3422617824509162,1.0137761202487316,1.1096710071458922,-0.3722094615290734,1.369765513573109,1.941977436472221,0.7699893263161971,0.4505494505494505,0.7032967032967034,0.7472527472527473,0.8351648351648352
20211002T180000,673,0.241100493541951,1.1828475342346794,0.8135865138508767,0.8242124182685523,0.2044162393333548,1.3032359539652068,1.5387023355115867,0.5989017172014574,0.4487369985141159,0.7384843982169391,0.8157503714710252,0.8766716196136701
20181028T090000,507,0.1440722461409219,1.5821115783684456,1.163466629897349,0.8012151544733631,0.1079350597316694,2.36671224437177,3.439375262094273,0.8917964358736179,0.272189349112426,0.5443786982248521,0.6587771203155819,0.747534516765286
20191227T180000,379,0.1171374566838181,2.8171074836572805,2.076008204105347,0.8652093040911693,-0.1279001297280955,3.33519481194617,6.28279570181084,1.7068195764366547,0.2269129287598944,0.3641160949868074,0.4221635883905013,0.496042216358839
20210810T000000,480,0.1127270818019531,2.4119655692766,1.7134650211781264,1.013159303025653,0.4921730545287444,2.0530254160140635,3.062258693750042,1.315007544955295,0.24375,0.475,0.6,0.6958333333333333
20190226T210000,433,0.1402919248136091,0.7954414929935298,0.6414856324294973,0.6970897897837068,0.0763335813449249,1.3427267382508052,1.4024704253179052,0.461751107258645,0.4041570438799076,0.7136258660508084,0.8267898383371824,0.8822170900692841
20200828T120000,101,0.0460989184080646,0.6262514221905693,0.5026363134384155,0.8506434615885857,-0.1507963802804938,0.7374454553922972,1.011109165459444,0.3599466373723927,0.594059405940594,0.9405940594059404,0.9603960396039604,0.99009900990099
20190727T210000,609,0.1523154468129791,0.9617126418171944,0.7356732760744141,0.6323523851744647,-0.4543586886759896,1.6086859189517049,1.8014157027296405,0.540417022346506,0.3645320197044335,0.6403940886699507,0.7405582922824302,0.8029556650246306
20201222T000000,3,0.0035703034757954,0.3413514891404846,0.2485315004984537,0.7645858526229858,0.2677162823679936,0.3592718854944425,0.7506435884622095,0.2370306830757283,0.6666666666666666,1.0,1.0,1.0
20211007T000000,560,0.1189226084217158,1.2041010639348455,0.9464185559323856,1.0711680063711746,0.1316349279674616,1.335206662657717,1.800567422508517,0.6893558056184023,0.4517857142857143,0.7071428571428572,0.7982142857142858,0.8785714285714286
20220919T180000,470,0.1326262732332248,1.5388882754139042,1.1398027658462524,0.9530731139030862,0.6494743802831104,1.703198486764239,2.4394602407071933,0.8502339743005833,0.3489361702127659,0.5914893617021276,0.7021276595744681,0.7808510638297872
20220910T030000,834,0.2041373516748923,1.5497540000675396,1.025827080225773,0.965063830645536,0.1034330239778582,1.381790584153728,1.6856767127558576,0.7389536920958226,0.4016786570743405,0.6834532374100719,0.7949640287769785,0.8489208633093526
20190806T210000,755,0.1450698309356295,1.9072066041643956,1.3414188201853772,0.8927570006310545,0.133979017208032,2.5513175366389365,3.942831139734572,1.0398298841892002,0.3231788079470198,0.5350993377483444,0.6119205298013245,0.6966887417218544
20201012T000000,368,0.1497427281318912,1.1553024927785334,0.8385934977103835,0.8366245399026767,0.512540759993654,1.3667996264540685,1.7231437963275569,0.6193010551385458,0.4293478260869565,0.6739130434782609,0.779891304347826,0.842391304347826
20190918T000000,874,0.2241415520319227,0.9824574521506534,0.7378100463672961,0.9580288715916312,0.0532858827262674,1.1606599341170567,1.4243786150614917,0.5520821170426159,0.5137299771167048,0.7688787185354691,0.8546910755148741,0.9050343249427918
20210420T120000,214,0.0469389898141342,1.32946091810003,0.8124583603065705,1.101162490861438,0.2448525184096986,1.1226047902089007,1.5948186475993855,0.6314342280696317,0.5934579439252337,0.822429906542056,0.8785046728971962,0.9158878504672896
20210416T060000,285,0.0890475690433686,1.5385856424075433,1.0742199322633577,0.9575751052613845,0.1046678953387446,1.66159777660352,2.180464579648181,0.8179498093591825,0.4035087719298245,0.6771929824561403,0.7333333333333333,0.8
20200905T000000,586,0.1652315446812979,1.2559751925457707,0.787330361763365,0.7014570101434461,0.2215255481488168,2.2097064131779955,2.980824139762297,0.5943762844234398,0.4351535836177474,0.7047781569965871,0.78839590443686,0.8464163822525598
20191002T030000,149,0.0403234274913367,0.5848358982803975,0.4810846251929366,0.6436678401175762,0.1545337903684636,0.9747794769473376,0.923425427723526,0.3403415430164391,0.4496644295302013,0.8053691275167785,0.8926174496644296,0.959731543624161
20200612T000000,49,0.0059330043053659,0.7174043021871422,0.5697045520860322,1.3667203540704689,0.0757415838412213,0.4802964868248344,1.3221462110095084,0.4487599709262455,0.8163265306122449,1.0,1.0,1.0
20210221T120000,863,0.2009870839021316,0.8012265957488673,0.6111414718462169,0.6826240801072203,-0.1446808400860626,1.236830095910797,1.2519318703747448,0.4369747042427321,0.4472769409038238,0.7265353418308227,0.831981460023175,0.8933951332560834
20220331T150000,159,0.0315551821904861,1.0639345787623675,0.7874570010967974,1.0908228717510056,0.0338647084937138,0.8904219045792565,1.31635539725448,0.546820941471109,0.559748427672956,0.8742138364779874,0.9308176100628932,0.9622641509433962
20201016T210000,433,0.1347789562112779,1.2912661621395614,0.952928714609036,0.7288107562973648,-0.2314699877762621,1.8610616097105772,2.2660474076005275,0.7051682563867652,0.2725173210161662,0.5496535796766744,0.6836027713625866,0.7829099307159353
20181228T090000,427,0.0903076761524729,1.9202236926435183,1.3930853982161582,0.8494045328898508,-0.1963084999728116,2.566358058428861,4.018004890777149,1.1059842546724938,0.3231850117096019,0.4847775175644028,0.5761124121779859,0.6604215456674473
20210724T000000,677,0.1089467604746403,1.3676653698818144,1.0462269772454942,0.8491365070533189,0.0234221555435165,1.988235607804276,2.624832002015846,0.7977064243422217,0.3220088626292466,0.5672082717872969,0.6971935007385525,0.7680945347119645
20220917T060000,77,0.01842906647065,0.7209021028596474,0.6389671331876284,1.176848388724513,0.2919272857954749,0.8527004379766607,1.341959154518821,0.4820399782467758,0.5324675324675324,0.8701298701298701,0.935064935064935,0.987012987012987
20200612T060000,980,0.2203612307046099,1.062842680956912,0.7725852468184062,0.7974243100200381,0.1937650582338706,1.4600647948256282,1.6875462983627572,0.5756595993521362,0.4214285714285714,0.6979591836734694,0.8051020408163265,0.8510204081632653
20210927T150000,274,0.0634253911582484,1.6376384828309989,1.2336806106741411,0.8015771834519658,0.1402661030564131,2.081498942639583,2.814026624268924,0.9528034155748992,0.3029197080291971,0.4890510948905109,0.635036496350365,0.6934306569343066
20190704T030000,851,0.218103538800798,1.2453732004052935,0.7639695768770964,0.6985886663583695,0.3324409408020269,1.5581509568877403,1.783722359263382,0.5741427838315611,0.4406580493537015,0.717978848413631,0.8119858989424207,0.8660399529964747
20200808T000000,694,0.1755749238685288,1.0760921740195073,0.8001820133725229,0.8687233142017975,0.2423252012597891,1.2902107939645575,1.565045549283116,0.5817829518346483,0.4553314121037464,0.7319884726224783,0.845821325648415,0.8933717579250721
20181003T030000,214,0.05848997164759,1.091983534864733,0.8684697566188384,0.8223628698386879,-0.0510661309579589,1.2376408389389364,1.434087989975264,0.5948832472104233,0.3130841121495327,0.6822429906542056,0.8504672897196262,0.9065420560747663
20180927T180000,515,0.2080751863908432,1.2852177699940388,0.7901633614475287,0.7964639859870799,0.1256664294116524,1.5380303282833685,1.802778081165333,0.5844889301591844,0.4446601941747573,0.7165048543689321,0.858252427184466,0.9106796116504854
20210805T030000,413,0.1506878084637194,1.5739149004268438,1.060016021601513,0.9582990125074224,0.4551421957898767,1.7529782041791877,2.43514308249064,0.8226434198925466,0.4552058111380145,0.6973365617433414,0.7627118644067796,0.8111380145278451
20210906T030000,804,0.1957891420770765,0.8595589710560492,0.6703891198878265,0.7912583583919564,0.3460228302078783,1.2048882959876588,1.4031395044112818,0.4869906402178289,0.4763681592039801,0.7611940298507462,0.8395522388059702,0.8793532338308457
20210922T150000,3,0.0044628793447443,0.6671738389657075,0.6203624804814657,1.124232272307078,0.5858211683116213,0.2983904130751256,1.2453990593374804,0.426841923020417,0.6666666666666666,1.0,1.0,1.0
20220811T090000,398,0.1171899611466974,1.0482709851135166,0.8162260759415938,0.8276607684379247,0.2742096976676643,1.2296080410978754,1.4527506749090662,0.5769776102466448,0.3969849246231156,0.7211055276381909,0.8165829145728644,0.8844221105527639
20220825T030000,590,0.2418880604851412,1.0026291102391898,0.7356167554855346,0.7535732201600479,0.2799765504303091,1.3165713643052368,1.4869407655938474,0.5401311879653339,0.4372881355932203,0.7169491525423729,0.8135593220338984,0.864406779661017
20220925T030000,5,0.0076131471175049,0.807834910392698,0.6117838859558106,1.1671489238739017,-0.3970009881398149,0.5942324443299413,1.327943717221796,0.4799934718597782,0.6,0.8,1.0,1.0
20191201T030000,753,0.2244040743463194,1.4169329501898935,1.0103728962767804,0.7594014527709044,-0.0884466501952933,2.400827827701693,3.448398758940104,0.7914536289465974,0.3665338645418327,0.601593625498008,0.699867197875166,0.7529880478087649
20220825T090000,387,0.0981308411214953,1.5001177823108107,0.8467691505294129,0.7768869281431193,0.1154291225935108,1.3593613132644662,1.5061395497355003,0.6320899403086424,0.4315245478036176,0.7002583979328165,0.8010335917312662,0.8708010335917312
20200924T000000,349,0.087734957471385,0.8756435438920798,0.7032156376579088,0.7355380942111029,0.2342681184488948,1.270956773428642,1.4033753301765786,0.5031012497566616,0.4297994269340974,0.6991404011461319,0.8080229226361032,0.8853868194842407
20190729T210000,759,0.1801953166019111,0.9022646908921814,0.6626819235534065,0.8912354573430751,-0.0597615989504541,1.0126600086100588,1.226305559593558,0.4757818204146406,0.5217391304347826,0.836627140974967,0.9011857707509882,0.938076416337286
20201008T180000,524,0.1212853092512863,1.3337221297637976,1.0025181167311112,0.876364933852931,0.3030404398855996,1.616740273964278,2.082187764777123,0.7469480355385865,0.3797709923664122,0.6125954198473282,0.7251908396946565,0.8034351145038168
20201006T090000,449,0.0957681402919248,2.137758497020957,1.496060831111364,1.1162064334332014,0.3625383343830386,1.63801462477599,2.350092595652913,1.1145217242293726,0.3429844097995546,0.579064587973274,0.6659242761692651,0.7594654788418709
20191012T150000,359,0.067783261577234,0.7778998927284003,0.5921394556013655,0.6816353758895629,0.4791298752927165,1.138443085379062,1.260018455608853,0.4261836043867565,0.4233983286908078,0.7632311977715878,0.8802228412256268,0.9164345403899722
20190703T150000,312,0.0863173369736427,1.528751991638134,1.1060759130960856,0.8475542808763492,0.5985077508386766,1.986363319310167,2.8563993362828306,0.8335757411185333,0.3365384615384615,0.6025641025641025,0.7147435897435898,0.7788461538461539
20180820T120000,588,0.1217053449543211,2.028351620017641,1.1398428808771024,0.8954412667017405,0.2172188908672095,1.7776602947502853,2.292582060319775,0.8620635990020432,0.4013605442176871,0.641156462585034,0.7482993197278912,0.8078231292517006
20220918T210000,288,0.0910427386327837,1.736904848942787,1.4106193433205287,0.945828903052542,0.390421604405079,2.024980222254459,2.9288210591463675,1.0577335134524195,0.2604166666666667,0.4826388888888889,0.5763888888888888,0.6666666666666666
20200805T150000,592,0.0936154573138716,0.9966567101537868,0.7909277528524399,0.8239101616011278,-0.0147503503821358,1.3181185571135212,1.5555496755238154,0.5715978885755875,0.4391891891891892,0.6807432432432432,0.7905405405405406,0.8614864864864865
20201026T210000,896,0.2070250971332563,1.7927018964311867,1.1182354491736208,0.7769005061127245,0.0385869100008705,2.1361487508881,2.8957396785435017,0.8776910997286874,0.3727678571428571,0.625,0.7198660714285714,0.7823660714285714
20190302T030000,190,0.0506668066785676,1.040048855655782,0.7739715262463218,0.7993544223277192,0.3727989473450309,1.3338688149011917,1.5839880215817088,0.5688988109752682,0.4473684210526316,0.6894736842105263,0.7842105263157895,0.8421052631578947
20191221T120000,97,0.0238370261472225,1.3534174937015364,0.9110284429235556,0.8918585629807305,-0.2950058165773573,1.6618791487000124,2.175406244770281,0.6865493515959996,0.4845360824742268,0.7422680412371134,0.8144329896907216,0.8865979381443299
20191023T000000,517,0.1900661556232279,1.2062743254636032,0.8439201407091299,0.9811646783259668,-0.0437980975092586,1.3336306881579412,1.6891594209771177,0.6284109631458448,0.5067698259187621,0.7543520309477756,0.8588007736943907,0.9032882011605416
20191224T030000,627,0.1336763624908117,1.3077715713211715,0.9280209604062531,0.8316078906139118,0.3811903187272327,1.6036940447786996,2.034778853179432,0.7000198939198988,0.4114832535885167,0.6778309409888357,0.773524720893142,0.8165869218500797
20210910T030000,874,0.2477160558647485,1.5869723622944856,1.033738285712301,0.9134655325104496,-0.0545809867760467,1.522681199557325,1.8687871746326865,0.7671897819271207,0.408466819221968,0.6258581235697941,0.7265446224256293,0.7974828375286042
20210418T030000,494,0.1667541741047989,2.1513109819030367,1.58511340726725,0.9117180181418352,-0.416978416837814,2.19229931927962,3.2506714877824385,1.2278700905184616,0.2489878542510121,0.4635627530364372,0.5647773279352226,0.631578947368421
20210806T210000,603,0.2007245615877349,2.403960264264021,1.4407098129218687,1.2789286895968626,-0.0213967563617507,1.672649049801627,2.297726486017201,1.0357406541659655,0.3598673300165838,0.6583747927031509,0.7744610281923715,0.8374792703150912
20200608T180000,392,0.1334663446392943,1.0190533510299882,0.8128359755691217,0.7554171559761982,-0.1309725796900232,1.5591566400854115,1.8111287307972164,0.5923344556436373,0.3698979591836734,0.6147959183673469,0.7423469387755102,0.8418367346938775
20211005T120000,458,0.0969232384752704,1.4071579324136143,0.9372777877676436,0.904881484058226,0.2250958722551848,1.2958326271111171,1.6109423623259491,0.6841562951173203,0.4104803493449782,0.6986899563318777,0.8122270742358079,0.8755458515283843
20190821T210000,2,0.0008400714060695,1.7888122912471514,1.7537281513214111,1.5388817191123962,1.1621690237889968,0.3128796327888474,2.071654657361482,1.1114599564992065,0.0,0.5,1.0,1.0
20210413T180000,17,0.0013126115719836,0.560997896369635,0.500191825277665,0.8390584973727956,-0.4044755851507332,0.55391196855638,0.9731719745865436,0.3397979764912931,0.4705882352941176,1.0,1.0,1.0
20191016T120000,338,0.0848997164759004,1.034124867540532,0.7302798251428547,0.7318067522443963,0.0944954577474297,1.4901423758519894,1.6863417869070176,0.5422677903334607,0.4349112426035503,0.7455621301775148,0.8461538461538461,0.8994082840236687
20190804T000000,268,0.0504567888270503,1.303882373613321,1.0676636286635897,1.033377359051313,-0.1120318213849082,1.3903065805527446,1.8520767902502888,0.7474238339879181,0.3208955223880597,0.6716417910447762,0.8022388059701493,0.8619402985074627
20210907T060000,877,0.2288669536910637,1.2086155327664827,0.7823475879981281,0.7691122176233963,0.2380792193075972,1.4971865224234953,1.748534907856884,0.5889178479736841,0.4572405929304447,0.7137970353477765,0.8107183580387686,0.8654503990877993
20220630T150000,1006,0.1697469284889215,1.4748483779976669,1.0144303360468825,0.8330702927726401,0.3832786295611075,1.8505716559093892,2.4552757310191096,0.7725659540511988,0.3876739562624254,0.6461232604373758,0.7554671968190855,0.8131212723658051
20180921T210000,589,0.1955266197626798,1.4082274339484848,0.9453876844286312,0.9191356672192268,0.4607072656737729,1.3688527829104633,1.7142157875856945,0.690908727477963,0.4312393887945671,0.6926994906621392,0.7741935483870968,0.8370118845500849
20181228T180000,612,0.1381917462984353,2.31182926953119,1.682317730842852,0.8288412430609753,1.0882386099701722,3.886694177590482,8.797074436306836,1.387862597593404,0.2761437908496732,0.4428104575163398,0.5277777777777778,0.5833333333333334
20200731T000000,7,0.0002625223143967,0.7086204877908051,0.5939796992710659,1.6696649278913225,-0.3650559294921751,0.2504551976959087,1.5283800103148315,0.5109835638493088,0.7142857142857143,1.0,1.0,1.0
20190805T150000,314,0.1634463929434002,2.161407433398563,1.4785148296386572,1.038923349350121,-0.1331039235633137,1.8641443001796931,2.571914805978942,1.1286069105143914,0.321656050955414,0.5955414012738853,0.7006369426751592,0.7484076433121019
20200806T060000,403,0.1707970177465084,1.018670680395765,0.7712265760372058,0.640588897185645,0.0629826748202912,1.734024020498992,1.926718123888337,0.5740693310160115,0.3722084367245657,0.6004962779156328,0.71712158808933,0.794044665012407
20220629T180000,340,0.1321537330673107,1.3238382682452028,0.8967688648139729,0.8043532922863961,-0.0539618962395326,1.6883654137678217,2.073552384415682,0.6763459047698488,0.4205882352941176,0.65,0.7470588235294118,0.8588235294117647
20220920T180000,566,0.1161398718891105,1.217176056385825,0.8841096575605575,1.009200202439362,0.033399455822771,1.3088977878327566,1.7223253484817902,0.6533576175863743,0.5123674911660777,0.7473498233215548,0.8445229681978799,0.892226148409894
20210605T030000,888,0.2217263467394728,1.2319759453184946,0.8730555427772505,0.7902571685813569,0.2085303883665525,1.5293072098758178,1.8185504953715252,0.6439133361512931,0.4042792792792792,0.6970720720720721,0.8063063063063063,0.8626126126126126
20191019T120000,205,0.0710910427386327,0.6983628819114286,0.5293533284489701,0.7703866035473056,-0.2649145435483055,0.8954247899026254,1.0577571677279909,0.3850675863394736,0.551219512195122,0.848780487804878,0.9317073170731708,0.9609756097560976
20201014T090000,17,0.0011550981833455,1.02668397725492,0.8957739717820111,1.4232145407620598,0.6511286550302241,0.410767170189908,1.564913379708356,0.6232403994184155,0.5294117647058824,1.0,1.0,1.0
20210530T120000,771,0.2000945080331828,1.1600143293105454,0.8797838425048748,0.8270443069872998,0.2457065039734672,1.3696374984320834,1.6084879199668698,0.6341052951721942,0.3852140077821012,0.6575875486381323,0.7859922178988327,0.8430609597924773
20201219T000000,54,0.0150162763834925,1.185266677428557,0.8232625767036721,1.0280446183902243,0.1987933517004696,1.1012472829797684,1.4883161187418017,0.6063562143546685,0.6111111111111112,0.8148148148148148,0.8703703703703703,0.8888888888888888
20220829T210000,201,0.0564948020581749,0.7336831663894064,0.5976423131885813,0.6464782330527234,-0.1973900685501916,1.2191512989509892,1.2160993686998494,0.4222413114596889,0.4378109452736318,0.7412935323383084,0.8258706467661692,0.8756218905472637
20211212T030000,367,0.0562847842066575,1.2960721043526742,0.9802354051241756,0.982390837627146,-0.1772888780989019,1.4289205518998835,1.814511391477633,0.7046736754887348,0.3869209809264305,0.6566757493188011,0.773841961852861,0.8365122615803815
20220825T000000,424,0.0928278903706815,0.8986101044622798,0.6969117547543544,0.7256659258086726,0.1384349459079928,1.3858254711364593,1.5126506013604106,0.5054420425583653,0.410377358490566,0.7193396226415094,0.8207547169811321,0.875
20200823T090000,34,0.0149112674577339,2.0264079998544706,1.699426202213063,0.990974089678596,-0.2000099815565507,2.3279332632101366,3.597640682986441,1.334142380140963,0.2352941176470588,0.3529411764705882,0.4411764705882353,0.5
20220801T030000,355,0.090622702929749,0.919637662759309,0.7291060692827467,0.8255726084742747,0.2586822129916564,1.2735711326540868,1.5272000974879882,0.522072362294031,0.4394366197183099,0.7352112676056338,0.8732394366197183,0.9154929577464788
20190227T060000,21,0.0084532185235745,0.3669685689903127,0.3212716465904599,0.646517642906734,-0.3161509293641039,0.4615213717958432,0.6298376059048012,0.2284961450595367,0.8095238095238095,1.0,1.0,1.0
20210216T060000,874,0.167384227659351,1.176610680073674,0.9442566556843248,0.9417943525505283,0.2784588801578866,1.3637094813678463,1.733076936039061,0.6692058195526508,0.3352402745995423,0.6533180778032036,0.7871853546910755,0.8627002288329519
20190831T210000,766,0.1940564948020581,0.881798732393792,0.651595575769016,0.7696899076432534,0.0059625581087877,1.3142325542141906,1.4669454435242375,0.4781187455876385,0.4778067885117493,0.7310704960835509,0.8328981723237598,0.8981723237597912
20180806T150000,453,0.0950330778116139,1.275857171034375,0.942678170225215,0.9419321813857056,-0.165794303420314,1.3518882853137208,1.672634291243037,0.67281434792914,0.3995584988962472,0.7130242825607064,0.8432671081677704,0.9050772626931568
20200916T180000,546,0.12900346529455,1.4908798842996855,1.0734445725605164,0.8352199110028508,0.2413975123619543,1.869600390245444,2.460791048350396,0.815610675508898,0.3516483516483517,0.5970695970695971,0.7032967032967034,0.7728937728937729
20220412T060000,706,0.1790927228814449,1.3434080642178132,1.02278336669416,0.7188740172357465,-0.1299402567296093,2.1177991685956217,2.7713093999499345,0.7796820139537332,0.3087818696883853,0.5155807365439093,0.6501416430594901,0.7195467422096318
20190929T210000,397,0.0728761944765305,1.3268243742925483,0.9524236217854304,0.7904375421460389,0.3597186207054432,1.8159755534112407,2.3663732834765683,0.719540676171203,0.3778337531486146,0.6700251889168766,0.7531486146095718,0.7984886649874056
20200712T180000,367,0.1207602646224929,1.3759924464186726,0.9703455871067516,0.8907663330070329,-0.0723461279537295,1.6032054724999127,2.015110444652484,0.729445292587298,0.44141689373297,0.7029972752043597,0.779291553133515,0.8283378746594006
20200809T120000,489,0.1159298540375931,0.8404755243942782,0.6513645296691629,0.8140113922350246,-0.0856663686224484,1.0824079075311297,1.2529765473118493,0.4681703494125511,0.4867075664621677,0.7934560327198364,0.8650306748466258,0.918200408997955
20210926T030000,826,0.2041373516748923,1.9737879288065796,1.0686643355983798,0.7311253460354147,0.2787291034769277,2.188087206888593,2.941395172753171,0.8374441413317577,0.3535108958837772,0.5920096852300242,0.7033898305084746,0.7857142857142857
20200822T000000,384,0.1595085582274493,1.197172629996798,0.8756808916805312,0.7349226144142449,0.0472320424399305,2.0016043296424795,2.5224185495506672,0.6511512640498331,0.3671875,0.6380208333333334,0.7578125,0.7994791666666666
20220830T120000,297,0.0611676992544366,1.0320089581050895,0.8210955422735374,1.0257296823090576,0.1159074321919198,0.9810319820046952,1.3618644812768357,0.5637169372767541,0.4781144781144781,0.7946127946127947,0.9057239057239056,0.9696969696969696
20180808T180000,925,0.189016066365641,1.5328296732404163,0.9281101528051736,0.8225374091315913,0.1665524906609938,1.537935414194942,1.791700763207693,0.6868143728710576,0.4108108108108108,0.652972972972973,0.7524324324324324,0.8291891891891892
20201222T120000,352,0.1240155413210122,1.3471218650711552,0.9843716590919278,0.8456076473336328,0.1962399545141563,1.9241174282836688,2.539547947940822,0.7606050480262063,0.4289772727272727,0.6534090909090909,0.7357954545454546,0.7784090909090909
20180910T090000,547,0.1138296755224194,1.1677896571830984,0.8879561958190946,0.9637034310392314,0.0446734332367615,1.2523388585792472,1.5884561686940692,0.634035679736191,0.4552102376599634,0.7276051188299817,0.8171846435100548,0.886654478976234
20220330T120000,393,0.0914627743358185,1.2824296717584298,0.8779431367648467,0.872088506931567,0.2576845484861552,1.1117639060506683,1.3242511151758098,0.6189903138043849,0.460559796437659,0.7073791348600509,0.8320610687022901,0.9185750636132316
20210627T150000,755,0.172109629318492,0.915143470212816,0.6877371342766364,0.6674940985362261,-0.0894583011995873,1.463581602110561,1.5247177996265868,0.5071781566559947,0.4317880794701986,0.6768211920529801,0.7947019867549668,0.856953642384106
20190718T060000,582,0.1668066785676782,1.7642713949269118,1.0931766356799202,0.8740854899293369,-0.1289415668240526,2.126948740845948,2.960317629197484,0.8491521252319242,0.3900343642611684,0.6185567010309279,0.7199312714776632,0.788659793814433
20201026T090000,94,0.0554972172634673,0.9434086991686996,0.7693743616976636,0.83328459649644,-0.3251754745444607,1.2241328623745389,1.4673931098337114,0.5337604683179688,0.3723404255319149,0.7659574468085106,0.8085106382978723,0.851063829787234
20190120T060000,109,0.065945605376457,0.8701066761893093,0.6789018539113736,0.8323013648527477,0.0044459780405643,1.323388024532767,1.5407726083213111,0.4980876093098374,0.4954128440366973,0.7431192660550459,0.8623853211009175,0.908256880733945
20181226T180000,464,0.0892050824320067,1.732915360001149,1.3612676301393016,0.9013585214470996,-0.1471027451030077,2.3213554872639683,3.438227072523808,1.0355830918398163,0.2456896551724137,0.4978448275862069,0.6142241379310345,0.6961206896551724
20181028T000000,678,0.1561482726031712,1.8499036070482773,1.0037064285932389,0.8415911486015207,0.0909716169922168,1.6994849310583735,2.09931863095468,0.7697756035408712,0.4454277286135693,0.6946902654867256,0.7979351032448377,0.8480825958702065
20191129T120000,715,0.1808253701564633,1.7044620648290807,1.1980610894156505,0.8980088535305504,-0.2140003329138341,1.9785853403017035,2.684882223980648,0.8851437681140031,0.2811188811188811,0.5804195804195804,0.6993006993006993,0.7916083916083916
20201101T000000,39,0.0052504462879344,1.5498176412097606,1.3329830322510157,1.1301590494620497,0.7093238055112564,1.4975383682607586,2.352131527845668,0.9520413248118598,0.282051282051282,0.5128205128205128,0.7435897435897436,0.7948717948717948
20210810T090000,16,0.0001050089257586,1.0440315679882983,0.8573653101921082,1.7077210992574692,0.4690248641967339,0.2883940117145495,1.5974055426494729,0.6160446775702976,0.8125,1.0,1.0,1.0
20210418T210000,310,0.061535230494592,2.115203852996874,1.095824831531894,1.0833459466695785,-0.2781962605030832,1.1262834138175122,1.444621400167783,0.7766937258875226,0.4064516129032258,0.7419354838709677,0.867741935483871,0.9258064516129032
20181119T000000,703,0.2144807308621232,1.023259911639974,0.7833395392592907,0.7184806966764659,0.1861174124955774,1.4652146134045907,1.610182537743729,0.5690872527071311,0.3328591749644381,0.6301564722617354,0.7652916073968705,0.8435277382645804
20210512T150000,816,0.2273968287304421,1.1266264986726855,0.8500216486042037,0.7154248786688435,0.1771566087404625,1.6874637356338564,1.9616709198046431,0.6271192332477622,0.3345588235294117,0.6029411764705882,0.7169117647058824,0.8088235294117647
20200825T180000,693,0.2103853827575343,1.98644778292184,1.404108835096655,0.765830882828989,0.0926632917303899,2.7282792671794147,4.309247169347732,1.1148860247467491,0.2395382395382395,0.443001443001443,0.5497835497835498,0.6464646464646465
20210907T000000,212,0.0321327312821589,1.0452456322446144,0.8263933380257409,0.9196323216804918,-0.3574741980088937,1.0813980547685873,1.4301637085814032,0.5837691070491022,0.3726415094339622,0.7216981132075472,0.8632075471698113,0.9150943396226416
20201220T180000,603,0.1497952325947705,2.0898560624695137,1.2222689787546794,0.7866332439047781,-0.0459260860972849,2.667942881367086,4.177701027462347,0.97330086090499,0.3665008291873963,0.6185737976782753,0.7313432835820896,0.7927031509121062
20180928T150000,751,0.204399873989289,1.7016368547023877,1.0123924819750094,0.8773701288173107,-0.1630535646619723,1.6689172318508134,1.9772528731893764,0.7696855394236203,0.4167776298268975,0.6644474034620506,0.7616511318242344,0.8268974700399467
20210825T090000,695,0.0986558857502887,0.7983255976414443,0.6212000916330077,0.7492739477603556,-0.0873239725789196,1.1173239731013305,1.2202229678225107,0.4491253627840559,0.4935251798561151,0.753956834532374,0.8503597122302158,0.9007194244604316
20220917T210000,144,0.0831145647380027,1.7001177607527056,1.222788458897008,0.8117167833778594,-0.6702738633826348,2.31452801989692,3.5644253854670325,0.935481107173983,0.2847222222222222,0.5347222222222222,0.6527777777777778,0.7777777777777778
20211006T000000,371,0.1501102593720466,1.0353924403237778,0.7760035622152035,0.959395125628803,0.1675279928323534,1.1976815221362682,1.5391514892601952,0.5729199342326945,0.4959568733153638,0.7735849056603774,0.876010781671159,0.9029649595687332
20211218T090000,369,0.1072666176625013,2.1211844634647887,1.4025059121087962,0.8396255265729538,-0.011697581251914,2.360980801722088,3.418078835576192,1.104435778225868,0.2899728997289973,0.5203252032520326,0.6476964769647696,0.7127371273712737
20190801T000000,455,0.1234379922293394,2.0002034722477955,1.0358437923284678,0.9663196022038932,-0.1141388551632114,1.4046782408737182,1.7313382864746656,0.7761434140802838,0.4879120879120879,0.7142857142857143,0.7912087912087912,0.8461538461538461
20210512T210000,1007,0.1898561377717106,0.9815608302287844,0.7250526911452368,0.7006049700591865,-0.0841678435140486,1.5276708501850484,1.676714227832184,0.5300111568441985,0.407149950347567,0.6901688182720953,0.7835153922542205,0.843098311817279
20220731T120000,328,0.1043788722041373,0.6998769107181565,0.5331146535350055,0.6678384913177025,0.0232262483386468,1.130442347154398,1.1090535246405464,0.3921967558726738,0.524390243902439,0.7652439024390244,0.8353658536585366,0.9176829268292684
20201103T150000,673,0.1964191956316286,1.5788901111346223,1.144282869120055,0.802832065905717,0.1820690924068468,2.169121307195403,3.0020645955446947,0.8945139542519172,0.3536404160475483,0.563150074294205,0.6448736998514116,0.7295690936106983
20190629T150000,670,0.1741573033707865,1.1368167819002435,0.8479472971674221,0.8891868659364643,0.1908201706964851,1.26284984626706,1.509364872065824,0.6095377748280592,0.4402985074626865,0.6611940298507463,0.8014925373134328,0.8791044776119403
20220908T210000,673,0.1619762679827785,1.217455408340918,0.9155276872073737,0.8397490315327496,0.2421946647153736,1.3709649274840046,1.6411281818621228,0.6656673819393387,0.3684992570579495,0.6166419019316494,0.7325408618127786,0.812778603268945
20200806T150000,285,0.0582274493331933,0.9482657651647948,0.7112019053676673,0.8758634997041602,-0.1239463347431128,1.0539474451761612,1.309533220702906,0.5135401205722706,0.5087719298245614,0.7894736842105263,0.8596491228070176,0.9192982456140352
20191022T210000,712,0.2389478105638979,1.2301928473801302,0.9443357358738949,0.9345044768467712,0.3019155074592056,1.8078552665508407,2.3304243424721185,0.7165834917593694,0.3609550561797753,0.6418539325842697,0.7289325842696629,0.773876404494382
20210705T120000,683,0.1731072141131996,1.0787584461146542,0.793361619922113,0.768708888294058,0.2033878641354804,1.4292046248741324,1.6052212039304945,0.5766956417676377,0.4260614934114202,0.6939970717423133,0.7906295754026355,0.8521229868228404
20190826T000000,970,0.2107004095348104,1.0334864554207617,0.7796445051419366,0.7525585827446476,0.1403736513779326,1.4647816893936605,1.6350324909278855,0.5691469161414229,0.3927835051546391,0.6525773195876289,0.7701030927835052,0.8402061855670103
20210908T000000,185,0.0578074136301585,0.890111792279306,0.7167404155473451,0.8026644178338953,0.2811730852292461,1.0830281471506809,1.2759071035785408,0.4976098855122608,0.3945945945945946,0.7405405405405405,0.8810810810810811,0.9297297297297298
20211001T060000,297,0.0602226189226084,0.8771895431920763,0.6051908649178065,0.7144299076261745,0.3758557323924234,1.233161470279623,1.3729212637579462,0.4485193082668809,0.5420875420875421,0.7878787878787878,0.8754208754208754,0.9023569023569024
20211217T120000,618,0.1638139241835556,1.8051033096810127,1.2082952579248298,0.7621917169070939,-0.4678844020512975,2.30862456742294,3.3654129369294554,0.9515923759229308,0.3478964401294498,0.5922330097087378,0.6747572815533981,0.7330097087378641
20201014T210000,560,0.1517378977213063,1.5794474526981104,1.1096183666161128,1.0803033958056143,-0.0933400690972867,1.413709017468353,1.8603655647573845,0.7969896769969321,0.4267857142857142,0.6892857142857143,0.8035714285714286,0.8625
20180807T060000,208,0.0567048199096923,0.9447134285511316,0.7390988641060315,0.808043411717965,0.3617577542190505,1.1588835949203602,1.3891538264936127,0.5186405370175167,0.4375,0.7403846153846154,0.8605769230769231,0.9134615384615384
20210721T150000,422,0.0701459624068045,3.1635262095327934,1.3913024229602229,0.9173556351901796,0.4475100572757685,1.7051612643052796,2.2150717142606133,1.090095175839516,0.3554502369668246,0.6137440758293838,0.7251184834123223,0.7890995260663507
20200824T120000,3,0.0001050089257586,1.8109649698011223,1.7829115390777588,2.0214315255482997,-0.8762591374333195,0.105635684822948,2.0106386587415828,1.0682010478660446,0.0,1.0,1.0,1.0
20190908T150000,214,0.0541846056914837,1.433625994433987,1.0954392758485312,0.7497476056635937,0.4592251264227477,2.1939695433094,3.0808744077449126,0.8529275356544477,0.3271028037383177,0.5514018691588785,0.6355140186915887,0.6962616822429907
20191117T090000,655,0.188858552977003,1.2648463350043284,0.9065314514491394,0.9251474337268422,0.2178747811543914,1.568891640015348,1.9307987037167773,0.6837888082710346,0.4396946564885496,0.6564885496183206,0.7526717557251908,0.8366412213740458
20190810T120000,407,0.1210227869368896,1.9257339642141769,1.4005847955511594,0.775545723315246,-0.1357255335131506,2.612919158171222,4.024535351302139,1.1108920215410585,0.2604422604422604,0.4643734643734644,0.5700245700245701,0.6216216216216216
20201107T030000,187,0.070986033812874,1.143591478717626,0.894693630583146,0.8374885266477411,0.0422637915698485,1.4782465802590294,1.778817153181358,0.649980326975987,0.3957219251336898,0.6149732620320856,0.7754010695187166,0.8128342245989305
20220414T030000,656,0.2175259897091253,1.2525837207975972,0.9818007959643515,0.7475645244575855,-0.239455308089584,1.812425461353817,2.24742733119539,0.7314371694331943,0.3155487804878049,0.5533536585365854,0.6798780487804879,0.7621951219512195
20200914T150000,864,0.2126430746613462,0.9535884688415408,0.7394092870117338,0.7015271463465912,-0.0978355977693695,1.388370984853646,1.4790099022171737,0.5272638991375713,0.3900462962962963,0.6469907407407407,0.7777777777777778,0.8761574074074074
20190315T030000,7,0.006248031082642,1.7756498342245013,1.5585980415344238,1.0775075384548731,-1.124716618063754,1.2665373165376854,2.377324447816206,1.0977512612749714,0.1428571428571428,0.2857142857142857,0.7142857142857143,0.7142857142857143
20180806T000000,401,0.1084217158458469,0.79795251661795,0.60519452954171,0.7493540174943253,0.3099712602874548,1.0849662079639577,1.1811693128582526,0.4368545860061025,0.4912718204488778,0.7830423940149626,0.8802992518703242,0.9152119700748128
20210719T090000,378,0.1310511393468444,1.842922850900645,1.1019758414969874,0.8117728493516407,-0.0137479573401746,1.843326187089373,2.320811821321421,0.8589496616511509,0.3915343915343915,0.6666666666666666,0.7301587301587301,0.7936507936507936
20211130T060000,8,0.0013126115719836,2.5401231930616976,2.493034064769745,1.7764285802841189,-1.4629209049312002,0.4226706465327948,2.628675979665545,1.6571710479510335,0.0,0.5,0.625,0.75
20191120T120000,326,0.1296860233119815,1.6838681727343447,1.2398915144563452,0.7060679311127019,-0.2870737965555082,3.3479826229810303,6.140109854592128,0.989182159045996,0.3006134969325153,0.5184049079754601,0.6012269938650306,0.6503067484662577
20190301T180000,381,0.1401344114249711,0.9300519838787296,0.7257068948013576,0.9072973542795406,0.2793758138215689,1.1905267265062192,1.4710746389047364,0.5248984334860746,0.4803149606299212,0.7769028871391076,0.8792650918635171,0.910761154855643
20220924T000000,334,0.1088417515488816,1.310091365872364,0.93581865576213,0.9474751101639456,-0.0524945156013926,1.380871038338992,1.744170305682334,0.6748866934390063,0.4311377245508982,0.7275449101796407,0.844311377245509,0.9041916167664672
20220709T000000,606,0.1293709965347054,0.8863268107178965,0.7023587905534423,0.8171164672760287,0.1320996261546664,1.222748855108097,1.426944833566509,0.5051484208943868,0.4306930693069307,0.7541254125412541,0.8663366336633663,0.9125412541254124
20191127T060000,747,0.2032447758059435,1.1110302349631274,0.8202894455298203,0.825572382653733,0.1412453223603361,1.5256324061003943,1.7804579927425437,0.6137421358974261,0.4136546184738955,0.6452476572958501,0.7536813922356091,0.8179384203480589
20190902T060000,642,0.2075501417620497,1.139594108269055,0.789708530048715,0.8629002870986023,-0.0084560193269899,1.2773989711828186,1.4963473736794954,0.5880087693954855,0.4859813084112149,0.7289719626168224,0.8193146417445483,0.8894080996884736
20210420T210000,364,0.0914627743358185,0.9628301171998416,0.7574027468869974,0.8409326747878567,-0.2215104274381536,1.2350758990969166,1.4710437120906794,0.5382723966782827,0.4368131868131868,0.7335164835164835,0.8543956043956044,0.9010989010989012
20201220T000000,56,0.0096608211697994,1.1852776514846977,0.9094849058559964,0.9578903274876732,-0.7722911067580279,1.1833047494924611,1.8455718131696643,0.6716657814037666,0.5535714285714286,0.75,0.8035714285714286,0.8571428571428571
20190704T060000,456,0.143022156883335,1.291470119482873,0.9863205157351076,0.75582475241339,0.1045869685123283,1.7647147950505928,2.152596207413315,0.734971829913206,0.300438596491228,0.5942982456140351,0.6929824561403509,0.7609649122807017
20220923T150000,963,0.2083902131681193,0.9948969971180832,0.7460690737699052,0.7972544511221156,-0.0349807885769416,1.2960893452258015,1.4815876667255428,0.5428139715757577,0.4402907580477674,0.7289719626168224,0.822429906542056,0.8961578400830738
20190226T000000,797,0.2066050614302215,1.0620022375251257,0.7583989281127863,0.8166532298103629,0.0788884428806093,1.2410958872523847,1.4059481435261445,0.5509277329422073,0.4604767879548306,0.7114178168130489,0.8255959849435383,0.8870765370138017
20200812T030000,476,0.1625538170744513,0.9347611007027448,0.7083964545686706,0.7037409208401912,-0.194148996579356,1.5364472134156033,1.7027000912205157,0.523083461363054,0.4201680672268907,0.6848739495798319,0.7815126050420168,0.8403361344537815
20190928T180000,775,0.1901186600861073,1.4586999653389208,0.9263271614043944,0.6891459921483071,0.221269738606441,2.006761639610211,2.5144523161015253,0.7128820292520279,0.3741935483870968,0.6245161290322581,0.7290322580645161,0.7948387096774193
20180924T120000,13,0.0009975847947075,0.548464178206085,0.4671954558445857,0.7487032000835125,-0.6305205439624365,0.4796602953908936,0.9279978235832126,0.3313395073816973,0.4615384615384615,0.8461538461538461,1.0,1.0
20220409T060000,672,0.205607476635514,1.1051386279792934,0.8281326247822671,0.7661663111565369,-0.127068108543345,1.5481007415005952,1.766910054599135,0.6120090725561,0.3630952380952381,0.6354166666666666,0.7455357142857143,0.8035714285714286
20210612T180000,169,0.0606951590885225,0.8245751500020586,0.6179665588062896,0.6227936037546079,0.4570534991472389,1.3346075802083757,1.3983848690564755,0.460955500801572,0.4792899408284023,0.6804733727810651,0.7869822485207101,0.8284023668639053
20200914T030000,17,0.0110259372046623,0.9302219218546562,0.8274735492818496,0.6967109827434316,-0.8646083614417761,1.12733790205969,1.540221773721936,0.5720154364244596,0.2352941176470588,0.4705882352941176,0.7647058823529411,0.8823529411764706
20210717T060000,1158,0.2269242885645279,1.5467773622758745,1.0535069519785814,0.8101411484992566,0.5672654180900204,2.313899398102773,3.4814157527858383,0.8201396425483805,0.3877374784110535,0.6433506044905009,0.7184801381692574,0.7651122625215889
20180928T120000,308,0.0506668066785676,0.7643125505729405,0.5708846670466584,0.7069270394065164,-0.0354538712738498,1.190529814121256,1.2303400846924115,0.4239367631605334,0.5194805194805194,0.7662337662337663,0.8311688311688312,0.8896103896103896
20200825T120000,1,0.0012076026462249,2.2786641120910645,2.2786641120910645,1.1205532550811768,2.0335152017480764,0.0,3.1003540045820523,1.6638453278002374,0.0,0.0,0.0,0.0
20200822T090000,83,0.0229444502782736,0.9010172158407072,0.649827227535018,0.8347100658589098,0.260756252475008,1.0050346246757518,1.213434449664128,0.4729557083674317,0.5542168674698795,0.7710843373493976,0.891566265060241,0.9397590361445785
20220329T150000,219,0.0885225244145752,0.7917255597995881,0.600390902937275,0.7691706972851601,0.2340069801480237,1.0140591699078645,1.154777903341592,0.4343061810386054,0.5707762557077626,0.776255707762557,0.867579908675799,0.9178082191780822
20220729T150000,888,0.2028772445657881,1.0548337430274644,0.789226302004478,0.7462808624044195,0.2349829306508044,1.4478098351508315,1.6520727729361242,0.583361602278242,0.4189189189189189,0.6655405405405406,0.7759009009009009,0.8434684684684685
20210809T210000,434,0.1638139241835556,1.7486941689113695,1.3239269753754963,0.951808359422442,-0.3213731777003261,2.074747936171128,2.9391789617870203,1.0121456925034362,0.2995391705069124,0.5645161290322581,0.6428571428571429,0.6935483870967742
20211216T000000,166,0.0222618922608421,2.305621473902608,1.641005954110479,1.955479320632406,0.0582334471200641,1.1618824545964537,2.209856190076557,1.2445945854854898,0.4578313253012048,0.6867469879518072,0.8253012048192772,0.927710843373494
20190830T000000,801,0.2189436102068676,1.0298256169869069,0.6838662247830414,0.7388674855678715,0.2042885629937487,1.3341278039569544,1.4774114491107866,0.5038367237902749,0.4868913857677903,0.7340823970037453,0.8426966292134831,0.906367041198502
20191004T150000,982,0.171952115929854,1.0180033727684448,0.6362831324885188,0.7008099711050569,0.2080525036121296,1.2491955912538406,1.303831382395428,0.4656412087274088,0.4837067209775967,0.7342158859470469,0.8574338085539714,0.920570264765784
20210602T060000,387,0.1282684028142392,1.2538402937604172,0.9524565851965616,0.9910212109871304,-0.0089723265454186,1.4038270080680486,1.8131212782960768,0.6958907004388948,0.4082687338501292,0.7002583979328165,0.8242894056847545,0.8785529715762274
20210422T180000,231,0.032290244670797,2.1860300589974404,1.5498148383516257,0.6294513747289583,2.443364062613892,2.6960342521141567,7.014528578370002,1.309779230772661,0.2424242424242424,0.4329004329004329,0.4761904761904761,0.5281385281385281
20191117T180000,822,0.2311771500577549,1.659967610396658,1.1164381618264818,0.7202753386757089,-0.0193231298922662,3.101527104616795,5.318876506680951,0.8781099384138619,0.327250608272506,0.5352798053527981,0.6557177615571776,0.7287104622871047
20220630T180000,426,0.0980258321957366,1.274423065860487,0.9466925431305254,0.8896444397912898,-0.0714713801712099,1.6548465980776146,2.095432660552775,0.7088383125379809,0.4389671361502347,0.6549295774647887,0.7323943661971831,0.8051643192488263
20210529T120000,976,0.1982568518324057,1.2290630910036628,0.8717468945217914,0.9012866407083194,0.1133263860468901,1.5009989093846448,1.8397117078573135,0.6397565245802932,0.4375,0.7366803278688525,0.8340163934426229,0.8780737704918032
20200901T030000,370,0.084374671847107,0.9386145389003238,0.6337789706281713,0.8006834785680513,0.071526555715774,1.0290095563239745,1.1775370215900012,0.4654860291628957,0.5513513513513514,0.8162162162162162,0.9054054054054054,0.9297297297297298
20220831T150000,2,0.0029402499212433,1.4187116005931353,1.3967816829681396,0.774813175201416,1.788506844128951,0.1768325798123734,2.2755739468696428,0.983544575885404,0.0,0.0,0.5,0.5
20181121T030000,237,0.0653155518219048,0.9306512180965228,0.7043536116805258,0.7408660132170729,0.0532800192727266,1.3194482735920372,1.4391214247343165,0.5098345964063218,0.4472573839662447,0.7257383966244726,0.8270042194092827,0.890295358649789
20200805T120000,822,0.1591935314501732,1.3798397022220188,0.8567570598746158,0.7311138655364948,0.2268567384064938,1.518198959253747,1.7199121251505265,0.6497337477881958,0.437956204379562,0.7092457420924574,0.7980535279805353,0.8345498783454988
20210825T180000,773,0.2196786726871784,1.0849031149045854,0.7754886936863828,0.7049541402063579,0.0506460244523345,1.5250051233744772,1.6758908756758335,0.5749821423838373,0.4307891332470893,0.6934023285899095,0.7697283311772316,0.8318240620957309
20191003T120000,528,0.1330463089362595,0.8723883481358461,0.6042880412529815,0.6446904386534835,0.0584303673146372,1.263665773505012,1.191651708697427,0.4286739763883987,0.3996212121212121,0.7651515151515151,0.865530303030303,0.9071969696969696
20191225T060000,4,0.0022051874409324,0.6928968805677636,0.6362040638923645,1.2623153328895569,-0.5055855315039323,0.2292930200768334,1.3028699943654003,0.4415910478947985,0.75,1.0,1.0,1.0
20210817T030000,407,0.0797542791137246,0.8153378820086555,0.608737284486944,0.7759266068074275,0.1979463875807356,0.9947506063384464,1.1397326993841863,0.4365097438671323,0.5257985257985258,0.8083538083538083,0.8869778869778869,0.936117936117936
20210918T090000,431,0.0937204662396303,0.8869710505651456,0.6874612008335972,0.8057191947220096,0.1420859130558088,1.1199923028607286,1.297212560107483,0.4891304420655138,0.4617169373549884,0.7703016241299304,0.8677494199535963,0.9211136890951276
20180812T060000,11,0.0026777276068465,0.4250787977942356,0.3485115224664861,0.7056893110275269,0.0409191847372792,0.6397977933615241,0.7662576582323393,0.2631421112553549,0.8181818181818182,0.9090909090909092,1.0,1.0
20180916T010000,530,0.1746298435367006,1.19695612505649,0.7744475656522894,0.7449847308813401,-0.1131841028044049,1.415845907666952,1.4669834890543931,0.5784685255728484,0.4207547169811321,0.6584905660377358,0.7830188679245284,0.8452830188679246
20211029T030000,566,0.1889635619027617,1.344658956839187,0.9859484760321072,0.8900767832783844,0.0023746108057998,1.6142047059398208,1.9577743685002884,0.7209610352849787,0.3409893992932862,0.6201413427561837,0.7438162544169611,0.8215547703180212
20210605T060000,315,0.0938779796282684,1.7873930676637082,1.3011836241162011,0.8586679011110275,-1.0653211992937364,1.797535599775847,2.8957497774963845,1.0034682480076909,0.3206349206349206,0.5206349206349207,0.6222222222222222,0.7174603174603175
20210821T210000,824,0.2146382442507613,1.229047920620493,0.7800342631028984,0.7466891278847329,0.2965931462155395,1.4074914151377729,1.574884323312547,0.5767061294292153,0.4235436893203883,0.720873786407767,0.8143203883495146,0.866504854368932
20210512T180000,342,0.1385067730757114,1.169691330642217,0.8588802844111683,0.783858381778176,-0.2153132217691524,1.695499696644134,2.0687066302632364,0.6609210588908009,0.4152046783625731,0.6257309941520468,0.7280701754385965,0.7865497076023392
20180816T180000,383,0.113619657670902,1.448886988218155,1.1029736740470866,1.027453231554741,-0.1172053104977495,1.598670208021254,2.0181421711367284,0.7865240828147412,0.2793733681462141,0.6109660574412533,0.7389033942558747,0.7885117493472585
20220410T030000,620,0.1632363750918828,1.0609252479146596,0.8634392667201257,0.6114507699685712,-0.3617325351115825,1.8814220595316589,2.215521594957892,0.6489532673867068,0.2612903225806451,0.5032258064516129,0.6209677419354839,0.6983870967741935
20210610T180000,47,0.024992124330568,0.6906847326088559,0.5826872156021443,0.7878442761745859,-0.0816654317510185,1.134442951320226,1.2862203700650818,0.4130960923293904,0.5957446808510638,0.8297872340425532,0.9148936170212766,0.9148936170212766
20190903T180000,208,0.0737687703454793,1.2074404500498368,0.9861153948765534,0.9916303480187288,0.0964739084937146,1.3166607424653272,1.6916825070409212,0.6809659915203135,0.3413461538461538,0.6394230769230769,0.7884615384615384,0.8798076923076923
20200818T200000,922,0.2361650740312926,0.7745359999791077,0.6098010624373037,0.7055735987592933,0.241724462075553,1.1649684127136657,1.218537675943795,0.4363664206543884,0.457700650759219,0.7180043383947939,0.8318872017353579,0.903470715835141
20191226T120000,584,0.1315236795127586,0.8832650497378483,0.7025279270561591,0.7964091655122091,0.4530138333970041,1.0186672476482772,1.2712909263653929,0.4895960494701151,0.4400684931506849,0.7465753424657534,0.8698630136986302,0.922945205479452
