dist_center,sigma_mean,sem,n
12.5,0.7146215100321395,0.012949317665066936,143
37.5,0.7280396075160978,0.006390374006613892,230
62.5,0.8315707911498298,0.010856323361632544,230
87.5,0.9276582378010273,0.013417774054094847,229
112.5,1.0596558971071421,0.022862776704200626,222
137.5,1.1907967177436443,0.033605421041856175,203
162.5,1.2780073367494802,0.05265847147145156,185
187.5,1.303075657412229,0.05311084502444743,170
212.5,1.3119006090103074,0.06196274219277805,144
237.5,1.4365056031451033,0.07376671199597847,116
